{"cameraMode":{"drawMode":0,"name":"Shaded","section":"Shading Mode"},"sceneLighting":true,"audioPlay":false,"sceneViewState":{"m_AlwaysRefresh":false,"showFog":true,"showSkybox":true,"showFlares":true,"showImageEffects":true,"showParticleSystems":true,"showVisualEffectGraphs":true,"m_FxEnabled":false},"in2DMode":false,"pivot":{"x":1.7367448806762696,"y":-1.844851016998291,"z":-2.2911217212677},"rotation":{"x":0.10456941276788712,"y":-0.014916806481778622,"z":0.001568762818351388,"w":0.9944050312042236},"size":10.291794776916504,"orthographic":false}